{
  "last_close": 87580.2890625,
  "last_timestamp": "2025-12-24 00:00:00",
  "mean_pct_change": 0.0024462599063931174,
  "volatility": 0.013823609902890907,
  "count": 31
}